"time","h","v","der(h)","der(v)","v_new","foo","flying","impact"
0,1,0,0,-9.81,0,2,1,0
0.006,0.9998234199990557,-0.05885999999999999,-0.05885999999999999,-9.81,0,2,1,0
0.012,0.9992936799989599,-0.11772,-0.11772,-9.81,0,2,1,0
0.018,0.998410779998905,-0.17658,-0.17658,-9.81,0,2,1,0
0.024,0.9971747199988611,-0.23544,-0.23544,-9.81,0,2,1,0
0.03,0.9955854999988253,-0.2943,-0.2943,-9.81,0,2,1,0
0.036,0.9936431199988014,-0.35316,-0.35316,-9.81,0,2,1,0
0.042,0.9913475799987778,-0.4120200000000001,-0.4120200000000001,-9.81,0,2,1,0
0.048,0.9886988799987539,-0.4708800000000001,-0.4708800000000001,-9.81,0,2,1,0
0.054,0.9856970199987334,-0.5297400000000001,-0.5297400000000001,-9.81,0,2,1,0
0.06,0.9823419999987163,-0.5886,-0.5886,-9.81,0,2,1,0
0.066,0.9786338199987025,-0.64746,-0.64746,-9.81,0,2,1,0
0.07199999999999999,0.974572479998692,-0.7063200000000001,-0.7063200000000001,-9.81,0,2,1,0
0.078,0.9701579799986815,-0.7651799999999999,-0.7651799999999999,-9.81,0,2,1,0
0.08400000000000001,0.9653903199986676,-0.8240399999999999,-0.8240399999999999,-9.81,0,2,1,0
0.09,0.9602694999986545,-0.8828999999999998,-0.8828999999999998,-9.81,0,2,1,0
0.096,0.9547955199986424,-0.9417599999999999,-0.9417599999999999,-9.81,0,2,1,0
0.102,0.9489683799986309,-1.00062,-1.00062,-9.81,0,2,1,0
0.108,0.9427880799986205,-1.05948,-1.05948,-9.81,0,2,1,0
0.114,0.9362546199986109,-1.11834,-1.11834,-9.81,0,2,1,0
0.12,0.9293679999986021,-1.1772,-1.1772,-9.81,0,2,1,0
0.126,0.9221282199985942,-1.23606,-1.23606,-9.81,0,2,1,0
0.132,0.9145352799985871,-1.29492,-1.29492,-9.81,0,2,1,0
0.138,0.9065891799985808,-1.35378,-1.35378,-9.81,0,2,1,0
0.144,0.8982899199985754,-1.41264,-1.41264,-9.81,0,2,1,0
0.15,0.889637499998571,-1.4715,-1.4715,-9.81,0,2,1,0
0.156,0.8806319199985638,-1.53036,-1.53036,-9.81,0,2,1,0
0.162,0.8712731799985564,-1.58922,-1.58922,-9.81,0,2,1,0
0.168,0.8615612799985489,-1.64808,-1.64808,-9.81,0,2,1,0
0.174,0.851496219998542,-1.70694,-1.70694,-9.81,0,2,1,0
0.18,0.8410779999985352,-1.7658,-1.7658,-9.81,0,2,1,0
0.186,0.8303066199985285,-1.82466,-1.82466,-9.81,0,2,1,0
0.192,0.8191820799985222,-1.88352,-1.88352,-9.81,0,2,1,0
0.198,0.8077043799985161,-1.94238,-1.94238,-9.81,0,2,1,0
0.204,0.7958735199985102,-2.00124,-2.00124,-9.81,0,2,1,0
0.21,0.7836894999985045,-2.0601,-2.0601,-9.81,0,2,1,0
0.216,0.7711523199984991,-2.11896,-2.11896,-9.81,0,2,1,0
0.222,0.7582619799984939,-2.17782,-2.17782,-9.81,0,2,1,0
0.228,0.7450184799984889,-2.23668,-2.23668,-9.81,0,2,1,0
0.234,0.7314218199984841,-2.29554,-2.29554,-9.81,0,2,1,0
0.24,0.7174719999984798,-2.3544,-2.3544,-9.81,0,2,1,0
0.246,0.7031690199984755,-2.41326,-2.41326,-9.81,0,2,1,0
0.252,0.6885128799984714,-2.47212,-2.47212,-9.81,0,2,1,0
0.258,0.6735035799984677,-2.53098,-2.53098,-9.81,0,2,1,0
0.264,0.6581411199984641,-2.58984,-2.58984,-9.81,0,2,1,0
0.27,0.6424254999984608,-2.6487,-2.6487,-9.81,0,2,1,0
0.276,0.6263567199984577,-2.70756,-2.70756,-9.81,0,2,1,0
0.282,0.6099347799984549,-2.76642,-2.76642,-9.81,0,2,1,0
0.288,0.5931596799984523,-2.82528,-2.82528,-9.81,0,2,1,0
0.294,0.5760314199984499,-2.88414,-2.88414,-9.81,0,2,1,0
0.3,0.5585499999984477,-2.943,-2.943,-9.81,0,2,1,0
0.306,0.5407154199984446,-3.00186,-3.00186,-9.81,0,2,1,0
0.312,0.5225276799984405,-3.06072,-3.06072,-9.81,0,2,1,0
0.318,0.5039867799984364,-3.11958,-3.11958,-9.81,0,2,1,0
0.324,0.4850927199984324,-3.17844,-3.17844,-9.81,0,2,1,0
0.33,0.4658454999984287,-3.2373,-3.2373,-9.81,0,2,1,0
0.336,0.4462451199984248,-3.29616,-3.29616,-9.81,0,2,1,0
0.342,0.426291579998421,-3.35502,-3.35502,-9.81,0,2,1,0
0.348,0.4059848799984174,-3.41388,-3.41388,-9.81,0,2,1,0
0.354,0.3853250199984139,-3.47274,-3.47274,-9.81,0,2,1,0
0.36,0.3643119999984102,-3.5316,-3.5316,-9.81,0,2,1,0
0.366,0.3429458199984067,-3.59046,-3.59046,-9.81,0,2,1,0
0.372,0.3212264799984031,-3.64932,-3.64932,-9.81,0,2,1,0
0.378,0.2991539799983999,-3.70818,-3.70818,-9.81,0,2,1,0
0.384,0.2767283199983963,-3.76704,-3.76704,-9.81,0,2,1,0
0.39,0.2539494999983931,-3.8259,-3.8259,-9.81,0,2,1,0
0.396,0.2308175199983898,-3.88476,-3.88476,-9.81,0,2,1,0
0.402,0.2073323799983867,-3.94362,-3.94362,-9.81,0,2,1,0
0.408,0.1834940799983837,-4.00248,-4.00248,-9.81,0,2,1,0
0.414,0.1593026199983807,-4.06134,-4.06134,-9.81,0,2,1,0
0.42,0.1347579999983777,-4.120200000000001,-4.120200000000001,-9.81,0,2,1,0
0.426,0.1098602199983748,-4.17906,-4.17906,-9.81,0,2,1,0
0.432,0.08460927999837188,-4.23792,-4.23792,-9.81,0,2,1,0
0.438,0.05900517999836914,-4.29678,-4.29678,-9.81,0,2,1,0
0.444,0.03304791999836645,-4.35564,-4.35564,-9.81,0,2,1,0
0.45,0.006737499998363677,-4.4145,-4.4145,-9.81,0,2,1,0
0.4515236410079387,-1.000053512223431e-10,-4.429446918287879,-4.429446918287879,-9.81,0,2,1,0
0.4515236410079387,-1.000053512223431e-10,3.100612842801515,3.100612842801515,-9.81,3.100612842801515,1,1,1
0.4515236410724442,1.000011612066864e-10,3.100612842168716,3.100612842168716,-9.81,3.100612842801515,1,1,1
0.4515236410724442,1.000011612066864e-10,3.100612842168716,3.100612842168716,-9.81,3.100612842801515,2,1,0
0.456,0.0137811707156939,3.056699761089394,3.056699761089394,-9.81,3.100612842801515,2,1,0
0.462,0.03194478928157062,2.997839761089394,2.997839761089394,-9.81,3.100612842801515,2,1,0
0.468,0.0497552478477369,2.938979761089394,2.938979761089394,-9.81,3.100612842801515,2,1,0
0.474,0.06721254641402422,2.880119761089395,2.880119761089395,-9.81,3.100612842801515,2,1,0
0.48,0.08431668498034681,2.821259761089394,2.821259761089394,-9.81,3.100612842801515,2,1,0
0.486,0.1010676635466968,2.762399761089394,2.762399761089394,-9.81,3.100612842801515,2,1,0
0.492,0.1174654821130951,2.703539761089394,2.703539761089394,-9.81,3.100612842801515,2,1,0
0.498,0.1335101406795418,2.644679761089394,2.644679761089394,-9.81,3.100612842801515,2,1,0
0.504,0.1492016392459619,2.585819761089394,2.585819761089394,-9.81,3.100612842801515,2,1,0
0.51,0.1645399778123842,2.526959761089394,2.526959761089394,-9.81,3.100612842801515,2,1,0
0.516,0.1795251563788184,2.468099761089394,2.468099761089394,-9.81,3.100612842801515,2,1,0
0.522,0.1941571749452647,2.409239761089394,2.409239761089394,-9.81,3.100612842801515,2,1,0
0.528,0.2084360335117229,2.350379761089394,2.350379761089394,-9.81,3.100612842801515,2,1,0
0.534,0.222361732078193,2.291519761089394,2.291519761089394,-9.81,3.100612842801515,2,1,0
0.54,0.2359342706446752,2.232659761089394,2.232659761089394,-9.81,3.100612842801515,2,1,0
0.546,0.2491536492111693,2.173799761089394,2.173799761089394,-9.81,3.100612842801515,2,1,0
0.552,0.2620198677776384,2.114939761089394,2.114939761089394,-9.81,3.100612842801515,2,1,0
0.5580000000000001,0.2745329263441098,2.056079761089394,2.056079761089394,-9.81,3.100612842801515,2,1,0
0.5639999999999999,0.2866928249105843,1.997219761089395,1.997219761089395,-9.81,3.100612842801515,2,1,0
0.57,0.2984995634770624,1.938359761089395,1.938359761089395,-9.81,3.100612842801515,2,1,0
0.576,0.3099531420435439,1.879499761089395,1.879499761089395,-9.81,3.100612842801515,2,1,0
0.582,0.3210535606100287,1.820639761089395,1.820639761089395,-9.81,3.100612842801515,2,1,0
0.588,0.3318008191765168,1.761779761089395,1.761779761089395,-9.81,3.100612842801515,2,1,0
0.594,0.3421949177430084,1.702919761089394,1.702919761089394,-9.81,3.100612842801515,2,1,0
0.6,0.3522358563095033,1.644059761089395,1.644059761089395,-9.81,3.100612842801515,2,1,0
0.606,0.3619236348760014,1.585199761089394,1.585199761089394,-9.81,3.100612842801515,2,1,0
0.612,0.371258253442503,1.526339761089394,1.526339761089394,-9.81,3.100612842801515,2,1,0
0.618,0.380239712009008,1.467479761089394,1.467479761089394,-9.81,3.100612842801515,2,1,0
0.624,0.3888680105755162,1.408619761089394,1.408619761089394,-9.81,3.100612842801515,2,1,0
0.63,0.3971431491420278,1.349759761089394,1.349759761089394,-9.81,3.100612842801515,2,1,0
0.636,0.4050651277085428,1.290899761089394,1.290899761089394,-9.81,3.100612842801515,2,1,0
0.642,0.4126339462750572,1.232039761089395,1.232039761089395,-9.81,3.100612842801515,2,1,0
0.648,0.4198496048415575,1.173179761089395,1.173179761089395,-9.81,3.100612842801515,2,1,0
0.654,0.4267121034080585,1.114319761089394,1.114319761089394,-9.81,3.100612842801515,2,1,0
0.66,0.4332214419745605,1.055459761089394,1.055459761089394,-9.81,3.100612842801515,2,1,0
0.666,0.4393776205410633,0.9965997610893944,0.9965997610893944,-9.81,3.100612842801515,2,1,0
0.672,0.4451806391075669,0.9377397610893943,0.9377397610893943,-9.81,3.100612842801515,2,1,0
0.678,0.4506304976740714,0.8788797610893944,0.8788797610893944,-9.81,3.100612842801515,2,1,0
0.6840000000000001,0.4557271962405767,0.8200197610893942,0.8200197610893942,-9.81,3.100612842801515,2,1,0
0.6899999999999999,0.4604707348070828,0.7611597610893952,0.7611597610893952,-9.81,3.100612842801515,2,1,0
0.696,0.4648611133735898,0.7022997610893953,0.7022997610893953,-9.81,3.100612842801515,2,1,0
0.702,0.4688983319400977,0.6434397610893952,0.6434397610893952,-9.81,3.100612842801515,2,1,0
0.708,0.4725823905066064,0.5845797610893952,0.5845797610893952,-9.81,3.100612842801515,2,1,0
0.714,0.4759132890731161,0.5257197610893949,0.5257197610893949,-9.81,3.100612842801515,2,1,0
0.72,0.4788910276396265,0.466859761089395,0.466859761089395,-9.81,3.100612842801515,2,1,0
0.726,0.4815156062061378,0.4079997610893948,0.4079997610893948,-9.81,3.100612842801515,2,1,0
0.732,0.4837870247726499,0.3491397610893949,0.3491397610893949,-9.81,3.100612842801515,2,1,0
0.738,0.485705283339163,0.2902797610893949,0.2902797610893949,-9.81,3.100612842801515,2,1,0
0.744,0.4872703819056768,0.2314197610893948,0.2314197610893948,-9.81,3.100612842801515,2,1,0
0.75,0.4884823204721915,0.1725597610893947,0.1725597610893947,-9.81,3.100612842801515,2,1,0
0.756,0.489341099038707,0.1136997610893947,0.1136997610893947,-9.81,3.100612842801515,2,1,0
0.762,0.4898467176052235,0.05483976108939459,0.05483976108939459,-9.81,3.100612842801515,2,1,0
0.7675901897236946,0.4899999999393718,-1.000496352432378e-10,-1.000496352432378e-10,-9.81,3.100612842801515,2,1,0
0.7675901897236946,0.4899999999393718,-1.000496352432378e-10,-1.000496352432378e-10,-9.81,3.100612842801515,2,1,0
0.768,0.4899991761711147,-0.004020238910604965,-0.004020238910604965,-9.81,3.100612842801515,2,1,0
0.774,0.4897984747373242,-0.06288023891060521,-0.06288023891060521,-9.81,3.100612842801515,2,1,0
0.78,0.4892446133037692,-0.1217402389106054,-0.1217402389106054,-9.81,3.100612842801515,2,1,0
0.786,0.4883375918702541,-0.1806002389106055,-0.1806002389106055,-9.81,3.100612842801515,2,1,0
0.792,0.4870774104367456,-0.2394602389106059,-0.2394602389106059,-9.81,3.100612842801515,2,1,0
0.798,0.4854640690032469,-0.298320238910606,-0.298320238910606,-9.81,3.100612842801515,2,1,0
0.804,0.4834975675697602,-0.357180238910606,-0.357180238910606,-9.81,3.100612842801515,2,1,0
0.8100000000000001,0.4811779061362725,-0.4160402389106057,-0.4160402389106057,-9.81,3.100612842801515,2,1,0
0.8159999999999999,0.4785050847027852,-0.4749002389106047,-0.4749002389106047,-9.81,3.100612842801515,2,1,0
0.822,0.4754791032693013,-0.5337602389106046,-0.5337602389106046,-9.81,3.100612842801515,2,1,0
0.828,0.4720999618358208,-0.5926202389106048,-0.5926202389106048,-9.81,3.100612842801515,2,1,0
0.834,0.4683676604023435,-0.6514802389106048,-0.6514802389106048,-9.81,3.100612842801515,2,1,0
0.84,0.4642821989688696,-0.7103402389106049,-0.7103402389106049,-9.81,3.100612842801515,2,1,0
0.846,0.4598435775353951,-0.7692002389106055,-0.7692002389106055,-9.81,3.100612842801515,2,1,0
0.852,0.4550517961019176,-0.8280602389106055,-0.8280602389106055,-9.81,3.100612842801515,2,1,0
0.858,0.4499068546684409,-0.8869202389106056,-0.8869202389106056,-9.81,3.100612842801515,2,1,0
0.864,0.4444087532349651,-0.9457802389106057,-0.9457802389106057,-9.81,3.100612842801515,2,1,0
0.87,0.4385574918014903,-1.004640238910606,-1.004640238910606,-9.81,3.100612842801515,2,1,0
0.876,0.4323530703680162,-1.063500238910606,-1.063500238910606,-9.81,3.100612842801515,2,1,0
0.882,0.425795488934543,-1.122360238910606,-1.122360238910606,-9.81,3.100612842801515,2,1,0
0.888,0.4188847475010706,-1.181220238910606,-1.181220238910606,-9.81,3.100612842801515,2,1,0
0.894,0.4116208460675991,-1.240080238910606,-1.240080238910606,-9.81,3.100612842801515,2,1,0
0.9,0.4040037846341284,-1.298940238910606,-1.298940238910606,-9.81,3.100612842801515,2,1,0
0.906,0.3960335632006586,-1.357800238910606,-1.357800238910606,-9.81,3.100612842801515,2,1,0
0.912,0.3877101817671896,-1.416660238910606,-1.416660238910606,-9.81,3.100612842801515,2,1,0
0.918,0.3790336403337216,-1.475520238910606,-1.475520238910606,-9.81,3.100612842801515,2,1,0
0.924,0.3700039389002505,-1.534380238910607,-1.534380238910607,-9.81,3.100612842801515,2,1,0
0.93,0.3606210774667793,-1.593240238910607,-1.593240238910607,-9.81,3.100612842801515,2,1,0
0.9360000000000001,0.3508850560333084,-1.652100238910607,-1.652100238910607,-9.81,3.100612842801515,2,1,0
0.9419999999999999,0.340795874599838,-1.710960238910606,-1.710960238910606,-9.81,3.100612842801515,2,1,0
0.948,0.3303535331663675,-1.769820238910606,-1.769820238910606,-9.81,3.100612842801515,2,1,0
0.954,0.3195580317328973,-1.828680238910606,-1.828680238910606,-9.81,3.100612842801515,2,1,0
0.96,0.3084093702994273,-1.887540238910606,-1.887540238910606,-9.81,3.100612842801515,2,1,0
0.966,0.2969075488659575,-1.946400238910606,-1.946400238910606,-9.81,3.100612842801515,2,1,0
0.972,0.285052567432488,-2.005260238910606,-2.005260238910606,-9.81,3.100612842801515,2,1,0
0.978,0.2728444259990187,-2.064120238910606,-2.064120238910606,-9.81,3.100612842801515,2,1,0
0.984,0.2602831245655496,-2.122980238910606,-2.122980238910606,-9.81,3.100612842801515,2,1,0
0.99,0.2473686631320808,-2.181840238910607,-2.181840238910607,-9.81,3.100612842801515,2,1,0
0.996,0.2341010416986122,-2.240700238910606,-2.240700238910606,-9.81,3.100612842801515,2,1,0
1.002,0.2204802602651438,-2.299560238910606,-2.299560238910606,-9.81,3.100612842801515,2,1,0
1.008,0.2065063188316758,-2.358420238910607,-2.358420238910607,-9.81,3.100612842801515,2,1,0
1.014,0.1921792173982078,-2.417280238910607,-2.417280238910607,-9.81,3.100612842801515,2,1,0
1.02,0.1774989559647402,-2.476140238910607,-2.476140238910607,-9.81,3.100612842801515,2,1,0
1.026,0.1624655345312727,-2.535000238910607,-2.535000238910607,-9.81,3.100612842801515,2,1,0
1.032,0.1470789530978056,-2.593860238910607,-2.593860238910607,-9.81,3.100612842801515,2,1,0
1.038,0.1313392116643386,-2.652720238910607,-2.652720238910607,-9.81,3.100612842801515,2,1,0
1.044,0.1152463102308719,-2.711580238910607,-2.711580238910607,-9.81,3.100612842801515,2,1,0
1.05,0.09880024879740539,-2.770440238910607,-2.770440238910607,-9.81,3.100612842801515,2,1,0
1.056,0.08200102736393912,-2.829300238910607,-2.829300238910607,-9.81,3.100612842801515,2,1,0
1.062,0.0648486459304731,-2.888160238910607,-2.888160238910607,-9.81,3.100612842801515,2,1,0
1.068,0.04734310449700729,-2.947020238910607,-2.947020238910607,-9.81,3.100612842801515,2,1,0
1.074,0.02948440306354026,-3.005880238910607,-3.005880238910607,-9.81,3.100612842801515,2,1,0
1.08,0.01127254163007263,-3.064740238910607,-3.064740238910607,-9.81,3.100612842801515,2,1,0
1.083656738415705,-1.000098996672971e-10,-3.10061284276867,-3.10061284276867,-9.81,3.100612842801515,2,1,0
1.083656738415705,-1.000098996672971e-10,2.170428989938069,2.170428989938069,-9.81,2.170428989938069,1,1,1
1.083656738507864,1.000152989759049e-10,2.170428989033986,2.170428989033986,-9.81,2.170428989938069,1,1,1
1.083656738507864,1.000152989759049e-10,2.170428989033986,2.170428989033986,-9.81,2.170428989938069,2,1,0
1.086,0.005058950027573513,2.147441593796132,2.147441593796132,-9.81,2.170428989938069,2,1,0
1.092,0.01776701958933899,2.088581593796134,2.088581593796134,-9.81,2.170428989938069,2,1,0
1.098,0.03012192915167612,2.029721593796133,2.029721593796133,-9.81,2.170428989938069,2,1,0
1.104,0.04212367871411592,1.970861593796133,1.970861593796133,-9.81,2.170428989938069,2,1,0
1.11,0.05377226827668074,1.912001593796132,1.912001593796132,-9.81,2.170428989938069,2,1,0
1.116,0.06506769783923802,1.853141593796132,1.853141593796132,-9.81,2.170428989938069,2,1,0
1.122,0.07600996740184365,1.794281593796132,1.794281593796132,-9.81,2.170428989938069,2,1,0
1.128,0.08659907696449727,1.735421593796134,1.735421593796134,-9.81,2.170428989938069,2,1,0
1.134,0.09683502652718251,1.676561593796135,1.676561593796135,-9.81,2.170428989938069,2,1,0
1.14,0.1067178160898328,1.617701593796135,1.617701593796135,-9.81,2.170428989938069,2,1,0
1.146,0.1162474456524951,1.558841593796135,1.558841593796135,-9.81,2.170428989938069,2,1,0
1.152,0.1254239152151694,1.499981593796135,1.499981593796135,-9.81,2.170428989938069,2,1,0
1.158,0.1342472247778557,1.441121593796135,1.441121593796135,-9.81,2.170428989938069,2,1,0
1.164,0.1427173743405539,1.382261593796135,1.382261593796135,-9.81,2.170428989938069,2,1,0
1.17,0.1508343639032641,1.323401593796135,1.323401593796135,-9.81,2.170428989938069,2,1,0
1.176,0.1585981934659863,1.264541593796135,1.264541593796135,-9.81,2.170428989938069,2,1,0
1.182,0.166008863028719,1.205681593796134,1.205681593796134,-9.81,2.170428989938069,2,1,0
1.188,0.1730663725914252,1.146821593796134,1.146821593796134,-9.81,2.170428989938069,2,1,0
1.194,0.1797707221541348,1.087961593796134,1.087961593796134,-9.81,2.170428989938069,2,1,0
1.2,0.1861219117168477,1.029101593796134,1.029101593796134,-9.81,2.170428989938069,2,1,0
1.206,0.1921199412795639,0.9702415937961341,0.9702415937961341,-9.81,2.170428989938069,2,1,0
1.212,0.1977648108422835,0.911381593796134,0.911381593796134,-9.81,2.170428989938069,2,1,0
1.218,0.2030565204050065,0.852521593796134,0.852521593796134,-9.81,2.170428989938069,2,1,0
1.224,0.2079950699677328,0.793661593796134,0.793661593796134,-9.81,2.170428989938069,2,1,0
1.23,0.2125804595304625,0.7348015937961339,0.7348015937961339,-9.81,2.170428989938069,2,1,0
1.236,0.2168126890931955,0.6759415937961338,0.6759415937961338,-9.81,2.170428989938069,2,1,0
1.242,0.2206917586559318,0.6170815937961338,0.6170815937961338,-9.81,2.170428989938069,2,1,0
1.248,0.2242176682186716,0.5582215937961337,0.5582215937961337,-9.81,2.170428989938069,2,1,0
1.254,0.2273904177814146,0.4993615937961337,0.4993615937961337,-9.81,2.170428989938069,2,1,0
1.26,0.2302100073441611,0.4405015937961336,0.4405015937961336,-9.81,2.170428989938069,2,1,0
1.266,0.2326764369069108,0.3816415937961335,0.3816415937961335,-9.81,2.170428989938069,2,1,0
1.272,0.2347897064696639,0.3227815937961335,0.3227815937961335,-9.81,2.170428989938069,2,1,0
1.278,0.2365498160324204,0.2639215937961334,0.2639215937961334,-9.81,2.170428989938069,2,1,0
1.284,0.2379567655951655,0.2050615937961324,0.2050615937961324,-9.81,2.170428989938069,2,1,0
1.29,0.2390105551579052,0.1462015937961325,0.1462015937961325,-9.81,2.170428989938069,2,1,0
1.296,0.2397111847206458,0.08734159379613238,0.08734159379613238,-9.81,2.170428989938069,2,1,0
1.302,0.2400586542833872,0.02848159379613247,0.02848159379613247,-9.81,2.170428989938069,2,1,0
1.304903322517458,0.2400999999095258,-1.001256855204247e-10,-1.001256855204247e-10,-9.81,2.170428989938069,2,1,0
1.304903322517458,0.2400999999095258,-1.001256855204247e-10,-1.001256855204247e-10,-9.81,2.170428989938069,2,1,0
1.308,0.2400529638452857,-0.03037840620386749,-0.03037840620386749,-9.81,2.170428989938069,2,1,0
1.314,0.2396941134079252,-0.0892384062038668,-0.0892384062038668,-9.81,2.170428989938069,2,1,0
1.32,0.2389821029706264,-0.1480984062038675,-0.1480984062038675,-9.81,2.170428989938069,2,1,0
1.326,0.2379169325333604,-0.2069584062038667,-0.2069584062038667,-9.81,2.170428989938069,2,1,0
1.332,0.2364986020960955,-0.2658184062038668,-0.2658184062038668,-9.81,2.170428989938069,2,1,0
1.338,0.2347271116588426,-0.3246784062038668,-0.3246784062038668,-9.81,2.170428989938069,2,1,0
1.344,0.2326024612215986,-0.3835384062038675,-0.3835384062038675,-9.81,2.170428989938069,2,1,0
1.35,0.2301246507843498,-0.4423984062038676,-0.4423984062038676,-9.81,2.170428989938069,2,1,0
1.356,0.2272936803471045,-0.5012584062038676,-0.5012584062038676,-9.81,2.170428989938069,2,1,0
1.362,0.2241095499098625,-0.5601184062038677,-0.5601184062038677,-9.81,2.170428989938069,2,1,0
1.368,0.2205722594726238,-0.6189784062038677,-0.6189784062038677,-9.81,2.170428989938069,2,1,0
1.374,0.2166818090353886,-0.6778384062038678,-0.6778384062038678,-9.81,2.170428989938069,2,1,0
1.38,0.2124381985981567,-0.7366984062038656,-0.7366984062038656,-9.81,2.170428989938069,2,1,0
1.386,0.2078414281609198,-0.7955584062038668,-0.7955584062038668,-9.81,2.170428989938069,2,1,0
1.392,0.2028914977236831,-0.8544184062038668,-0.8544184062038668,-9.81,2.170428989938069,2,1,0
1.398,0.1975884072864473,-0.9132784062038668,-0.9132784062038668,-9.81,2.170428989938069,2,1,0
1.404,0.1919321568492123,-0.9721384062038668,-0.9721384062038668,-9.81,2.170428989938069,2,1,0
1.41,0.1859227464119782,-1.030998406203867,-1.030998406203867,-9.81,2.170428989938069,2,1,0
1.416,0.179560175974745,-1.089858406203867,-1.089858406203867,-9.81,2.170428989938069,2,1,0
1.422,0.1728444455375125,-1.148718406203867,-1.148718406203867,-9.81,2.170428989938069,2,1,0
1.428,0.165775555100281,-1.207578406203867,-1.207578406203867,-9.81,2.170428989938069,2,1,0
1.434,0.1583535046630503,-1.266438406203867,-1.266438406203867,-9.81,2.170428989938069,2,1,0
1.44,0.1505782942258204,-1.325298406203867,-1.325298406203867,-9.81,2.170428989938069,2,1,0
1.446,0.1424499237885914,-1.384158406203867,-1.384158406203867,-9.81,2.170428989938069,2,1,0
1.452,0.1339683933513633,-1.443018406203867,-1.443018406203867,-9.81,2.170428989938069,2,1,0
1.458,0.1251337029141347,-1.501878406203867,-1.501878406203867,-9.81,2.170428989938069,2,1,0
1.464,0.1159458524769038,-1.560738406203868,-1.560738406203868,-9.81,2.170428989938069,2,1,0
1.47,0.1064048420396732,-1.619598406203868,-1.619598406203868,-9.81,2.170428989938069,2,1,0
1.476,0.09651067160244284,-1.678458406203868,-1.678458406203868,-9.81,2.170428989938069,2,1,0
1.482,0.08626334116521267,-1.737318406203868,-1.737318406203868,-9.81,2.170428989938069,2,1,0
1.488,0.07566285072798275,-1.796178406203868,-1.796178406203868,-9.81,2.170428989938069,2,1,0
1.494,0.06470920029075304,-1.855038406203868,-1.855038406203868,-9.81,2.170428989938069,2,1,0
1.5,0.05340238985352361,-1.913898406203868,-1.913898406203868,-9.81,2.170428989938069,2,1,0
1.506,0.04174241941629436,-1.972758406203868,-1.972758406203868,-9.81,2.170428989938069,2,1,0
1.512,0.02972928897906539,-2.031618406203868,-2.031618406203868,-9.81,2.170428989938069,2,1,0
1.518,0.01736299854183663,-2.090478406203868,-2.090478406203868,-9.81,2.170428989938069,2,1,0
1.524,0.004643548104608122,-2.149338406203868,-2.149338406203868,-9.81,2.170428989938069,2,1,0
1.526149906593975,-1.000441708642885e-10,-2.17042898989076,-2.17042898989076,-9.81,2.170428989938069,2,1,0
1.526149906593975,-1.000441708642885e-10,1.519300292923532,1.519300292923532,-9.81,1.519300292923532,1,1,1
1.526149906725657,1.000204434301924e-10,1.51930029163173,1.51930029163173,-9.81,1.519300292923532,1,1,1
1.526149906725657,1.000204434301924e-10,1.51930029163173,1.51930029163173,-9.81,1.519300292923532,2,1,0
1.53,0.005776740044852452,1.481530876610425,1.481530876610425,-9.81,1.519300292923532,2,1,0
1.536,0.01448934530387398,1.422670876610425,1.422670876610425,-9.81,1.519300292923532,2,1,0
1.542,0.02284879056319262,1.363810876610424,1.363810876610424,-9.81,1.519300292923532,2,1,0
1.548,0.03085507582263874,1.304950876610424,1.304950876610424,-9.81,1.519300292923532,2,1,0
1.554,0.03850820108209493,1.246090876610424,1.246090876610424,-9.81,1.519300292923532,2,1,0
1.56,0.04580816634159378,1.187230876610424,1.187230876610424,-9.81,1.519300292923532,2,1,0
1.566,0.05275497160114098,1.128370876610424,1.128370876610424,-9.81,1.519300292923532,2,1,0
1.572,0.05934861686071848,1.069510876610425,1.069510876610425,-9.81,1.519300292923532,2,1,0
1.578,0.06558910212026788,1.010650876610425,1.010650876610425,-9.81,1.519300292923532,2,1,0
1.584,0.07147642737982925,0.9517908766104246,0.9517908766104246,-9.81,1.519300292923532,2,1,0
1.59,0.0770105926394026,0.8929308766104245,0.8929308766104245,-9.81,1.519300292923532,2,1,0
1.596,0.08219159789898793,0.8340708766104243,0.8340708766104243,-9.81,1.519300292923532,2,1,0
1.602,0.08701944315858523,0.7752108766104244,0.7752108766104244,-9.81,1.519300292923532,2,1,0
1.608,0.09149412841819453,0.7163508766104243,0.7163508766104243,-9.81,1.519300292923532,2,1,0
1.614,0.09561565367781578,0.6574908766104243,0.6574908766104243,-9.81,1.519300292923532,2,1,0
1.62,0.09938401893741851,0.5986308766104234,0.5986308766104234,-9.81,1.519300292923532,2,1,0
1.626,0.10279922419702,0.5397708766104254,0.5397708766104254,-9.81,1.519300292923532,2,1,0
1.632,0.105861269456625,0.4809108766104254,0.4809108766104254,-9.81,1.519300292923532,2,1,0
1.638,0.1085701547162333,0.4220508766104254,0.4220508766104254,-9.81,1.519300292923532,2,1,0
1.644,0.110925879975845,0.3631908766104253,0.3631908766104253,-9.81,1.519300292923532,2,1,0
1.65,0.11292844523546,0.3043308766104252,0.3043308766104252,-9.81,1.519300292923532,2,1,0
1.656,0.1145778504950784,0.2454708766104252,0.2454708766104252,-9.81,1.519300292923532,2,1,0
1.662,0.1158740957547001,0.1866108766104251,0.1866108766104251,-9.81,1.519300292923532,2,1,0
1.668,0.1168171810143252,0.1277508766104251,0.1277508766104251,-9.81,1.519300292923532,2,1,0
1.674,0.1174071062739536,0.06889087661042503,0.06889087661042503,-9.81,1.519300292923532,2,1,0
1.68,0.1176438715335854,0.01003087661042495,0.01003087661042495,-9.81,1.519300292923532,2,1,0
1.681022515464879,0.1176489998967596,-1.000387828131721e-10,-1.000387828131721e-10,-9.81,1.519300292923532,2,1,0
1.681022515464879,0.1176489998967596,-1.000387828131721e-10,-1.000387828131721e-10,-9.81,1.519300292923532,2,1,0
1.686,0.1175274767923265,-0.0488291233895749,-0.0488291233895749,-9.81,1.519300292923532,2,1,0
1.692,0.1170579220518796,-0.1076891233895742,-0.1076891233895742,-9.81,1.519300292923532,2,1,0
1.698,0.1162352073114791,-0.1665491233895742,-0.1665491233895742,-9.81,1.519300292923532,2,1,0
1.704,0.115059332571099,-0.2254091233895749,-0.2254091233895749,-9.81,1.519300292923532,2,1,0
1.71,0.1135302978307237,-0.2842691233895749,-0.2842691233895749,-9.81,1.519300292923532,2,1,0
1.716,0.1116481030903603,-0.343129123389575,-0.343129123389575,-9.81,1.519300292923532,2,1,0
1.722,0.1094127483500005,-0.401989123389574,-0.401989123389574,-9.81,1.519300292923532,2,1,0
1.728,0.1068242336096386,-0.4608491233895741,-0.4608491233895741,-9.81,1.519300292923532,2,1,0
1.734,0.1038825588692801,-0.5197091233895742,-0.5197091233895742,-9.81,1.519300292923532,2,1,0
1.74,0.1005877241289249,-0.5785691233895742,-0.5785691233895742,-9.81,1.519300292923532,2,1,0
1.746,0.09693972938857305,-0.6374291233895742,-0.6374291233895742,-9.81,1.519300292923532,2,1,0
1.752,0.09293857464822455,-0.6962891233895744,-0.6962891233895744,-9.81,1.519300292923532,2,1,0
1.758,0.08858425990787751,-0.7551491233895746,-0.7551491233895746,-9.81,1.519300292923532,2,1,0
1.764,0.08387678516752602,-0.8140091233895747,-0.8140091233895747,-9.81,1.519300292923532,2,1,0
1.77,0.07881615042717537,-0.8728691233895748,-0.8728691233895748,-9.81,1.519300292923532,2,1,0
1.776,0.07340235568682557,-0.9317291233895748,-0.9317291233895748,-9.81,1.519300292923532,2,1,0
1.782,0.06763540094647663,-0.9905891233895748,-0.9905891233895748,-9.81,1.519300292923532,2,1,0
1.788,0.06151528620612855,-1.049449123389575,-1.049449123389575,-9.81,1.519300292923532,2,1,0
1.794,0.05504201146578131,-1.108309123389575,-1.108309123389575,-9.81,1.519300292923532,2,1,0
1.8,0.04821557672543493,-1.167169123389575,-1.167169123389575,-9.81,1.519300292923532,2,1,0
1.806,0.04103598198508939,-1.226029123389575,-1.226029123389575,-9.81,1.519300292923532,2,1,0
1.812,0.0335032272447447,-1.284889123389575,-1.284889123389575,-9.81,1.519300292923532,2,1,0
1.818,0.02561731250440087,-1.343749123389575,-1.343749123389575,-9.81,1.519300292923532,2,1,0
1.824,0.01737823776405789,-1.402609123389575,-1.402609123389575,-9.81,1.519300292923532,2,1,0
1.83,0.008786003023715756,-1.461469123389575,-1.461469123389575,-9.81,1.519300292923532,2,1,0
1.835895124309732,-1.000329710558467e-10,-1.519300292868042,-1.519300292868042,-9.81,1.519300292923532,2,1,0
1.835895124309732,-1.000329710558467e-10,1.063510205007629,1.063510205007629,-9.81,1.063510205007629,1,1,1
1.835895124497823,1.000033103573637e-10,1.063510203162459,1.063510203162459,-9.81,1.063510205007629,1,1,1
1.835895124497823,1.000033103573637e-10,1.063510203162459,1.063510203162459,-9.81,1.063510205007629,2,1,0
1.836,0.0001114823162072422,1.062481374486097,1.062481374486097,-9.81,1.063510205007629,2,1,0
1.842,0.006309790562181946,1.003621374486098,1.003621374486098,-9.81,1.063510205007629,2,1,0
1.848,0.01215493880890777,0.9447613744860964,0.9447613744860964,-9.81,1.063510205007629,2,1,0
1.854,0.01764692705570464,0.8859013744860964,0.8859013744860964,-9.81,1.063510205007629,2,1,0
1.86,0.02278575530253569,0.8270413744860964,0.8270413744860964,-9.81,1.063510205007629,2,1,0
1.866,0.02757142354939348,0.7681813744860966,0.7681813744860966,-9.81,1.063510205007629,2,1,0
1.872,0.03200393179624555,0.7093213744860966,0.7093213744860966,-9.81,1.063510205007629,2,1,0
1.878,0.03608328004310944,0.6504613744860988,0.6504613744860988,-9.81,1.063510205007629,2,1,0
1.884,0.03980946828998548,0.5916013744860986,0.5916013744860986,-9.81,1.063510205007629,2,1,0
1.89,0.0431824965368735,0.5327413744860986,0.5327413744860986,-9.81,1.063510205007629,2,1,0
1.896,0.04620236478375345,0.473881374486099,0.473881374486099,-9.81,1.063510205007629,2,1,0
1.902,0.04886907303063398,0.4150213744860989,0.4150213744860989,-9.81,1.063510205007629,2,1,0
1.908,0.05118262127751787,0.3561613744860988,0.3561613744860988,-9.81,1.063510205007629,2,1,0
1.914,0.05314300952440511,0.2973013744860988,0.2973013744860988,-9.81,1.063510205007629,2,1,0
1.92,0.05475023777129569,0.2384413744860987,0.2384413744860987,-9.81,1.063510205007629,2,1,0
1.926,0.05600430601818962,0.1795813744860986,0.1795813744860986,-9.81,1.063510205007629,2,1,0
1.932,0.05690521426508692,0.1207213744860986,0.1207213744860986,-9.81,1.063510205007629,2,1,0
1.938,0.05745296251198755,0.06186137448609852,0.06186137448609852,-9.81,1.063510205007629,2,1,0
1.944,0.05764755075889155,0.00300137448609845,0.00300137448609845,-9.81,1.063510205007629,2,1,0
1.944305950518481,0.05764800989491575,-1.002048605005358e-10,-1.002048605005358e-10,-9.81,1.063510205007629,2,1,0
1.944305950518481,0.05764800989491575,-1.002048605005358e-10,-1.002048605005358e-10,-9.81,1.063510205007629,2,1,0
1.95,0.05748897900487113,-0.05585862551390157,-0.05585862551390157,-9.81,1.063510205007629,2,1,0
1.956,0.05697724725168812,-0.1147186255139009,-0.1147186255139009,-9.81,1.063510205007629,2,1,0
1.962,0.05611235549854745,-0.173578625513901,-0.173578625513901,-9.81,1.063510205007629,2,1,0
1.968,0.05489430374542057,-0.2324386255139018,-0.2324386255139018,-9.81,1.063510205007629,2,1,0
1.974,0.05332309199230069,-0.2912986255139019,-0.2912986255139019,-9.81,1.063510205007629,2,1,0
1.98,0.05139872023919278,-0.350158625513902,-0.350158625513902,-9.81,1.063510205007629,2,1,0
1.986,0.04912118848608621,-0.4090186255139014,-0.4090186255139014,-9.81,1.063510205007629,2,1,0
1.992,0.04649049673297875,-0.4678786255139015,-0.4678786255139015,-9.81,1.063510205007629,2,1,0
1.998,0.04350664497987464,-0.5267386255139015,-0.5267386255139015,-9.81,1.063510205007629,2,1,0
2.004,0.04016963322677389,-0.5855986255139016,-0.5855986255139016,-9.81,1.063510205007629,2,1,0
2.01,0.03647946147367662,-0.6444586255138994,-0.6444586255138994,-9.81,1.063510205007629,2,1,0
2.016,0.03243612972058243,-0.7033186255139017,-0.7033186255139017,-9.81,1.063510205007629,2,1,0
2.022,0.02803963796748905,-0.7621786255138985,-0.7621786255138985,-9.81,1.063510205007629,2,1,0
2.028,0.02328998621439152,-0.8210386255139007,-0.8210386255139007,-9.81,1.063510205007629,2,1,0
2.034,0.01818717446129523,-0.8798986255138985,-0.8798986255138985,-9.81,1.063510205007629,2,1,0
2.04,0.01273120270819939,-0.9387586255139008,-0.9387586255139008,-9.81,1.063510205007629,2,1,0
2.046,0.006922070955104812,-0.9976186255138987,-0.9976186255138987,-9.81,1.063510205007629,2,1,0
2.052,0.0007597792020106473,-1.056478625513901,-1.056478625513901,-9.81,1.063510205007629,2,1,0
2.052716776702887,-1.000256266703303e-10,-1.063510204969219,-1.063510204969219,-9.81,1.063510205007629,2,1,0
2.052716776702887,-1.000256266703303e-10,0.744457143478453,0.744457143478453,-9.81,0.744457143478453,1,1,1
2.052716776971594,1.000152124566642e-10,0.7444571408424331,0.7444571408424331,-9.81,0.744457143478453,1,1,1
2.052716776971594,1.000152124566642e-10,0.7444571408424331,0.7444571408424331,-9.81,0.744457143478453,2,1,0
2.058,0.003796222662093562,0.6926287229337732,0.6926287229337732,-9.81,0.744457143478453,2,1,0
2.064,0.007775414999406473,0.6337687229337688,0.6337687229337688,-9.81,0.744457143478453,2,1,0
2.07,0.01140144733684624,0.5749087229337709,0.5749087229337709,-9.81,0.744457143478453,2,1,0
2.076,0.01467431967430862,0.5160487229337687,0.5160487229337687,-9.81,0.744457143478453,2,1,0
2.082,0.01759403201181913,0.4571887229337708,0.4571887229337708,-9.81,0.744457143478453,2,1,0
2.088,0.02016058434935325,0.3983287229337686,0.3983287229337686,-9.81,0.744457143478453,2,1,0
2.094,0.02237397668687698,0.3394687229337707,0.3394687229337707,-9.81,0.744457143478453,2,1,0
2.1,0.02423420902441283,0.2806087229337685,0.2806087229337685,-9.81,0.744457143478453,2,1,0
2.106,0.02574128136196054,0.2217487229337706,0.2217487229337706,-9.81,0.744457143478453,2,1,0
2.112,0.02689519369952033,0.1628887229337684,0.1628887229337684,-9.81,0.744457143478453,2,1,0
2.118,0.02769594603709202,0.1040287229337705,0.1040287229337705,-9.81,0.744457143478453,2,1,0
2.124,0.02814353837464831,0.04516872293376839,0.04516872293376839,-9.81,0.744457143478453,2,1,0
2.128604355049334,0.02824752479314016,-1.001937421918342e-10,-1.001937421918342e-10,-9.81,0.744457143478453,2,1,0
2.128604355049334,0.02824752479314016,-1.001937421918342e-10,-1.001937421918342e-10,-9.81,0.744457143478453,2,1,0
2.13,0.02823797071145593,-0.01369127706623144,-0.01369127706623144,-9.81,0.744457143478453,2,1,0
2.136,0.02797924304884566,-0.07255127706623078,-0.07255127706623078,-9.81,0.744457143478453,2,1,0
2.142,0.02736735538636545,-0.1314112770662292,-0.1314112770662292,-9.81,0.744457143478453,2,1,0
2.148,0.02640230772392194,-0.1902712770662323,-0.1902712770662323,-9.81,0.744457143478453,2,1,0
2.154,0.02508410006147955,-0.2491312770662302,-0.2491312770662302,-9.81,0.744457143478453,2,1,0
2.16,0.02341273239904902,-0.3079912770662325,-0.3079912770662325,-9.81,0.744457143478453,2,1,0
2.166,0.0213882047366306,-0.3668512770662303,-0.3668512770662303,-9.81,0.744457143478453,2,1,0
2.172,0.01901051707420746,-0.4257112770662345,-0.4257112770662345,-9.81,0.744457143478453,2,1,0
2.178,0.01627966941178706,-0.4845712770662324,-0.4845712770662324,-9.81,0.744457143478453,2,1,0
2.184,0.0131956617493698,-0.5434312770662346,-0.5434312770662346,-9.81,0.744457143478453,2,1,0
2.19,0.009758494086956131,-0.6022912770662325,-0.6022912770662325,-9.81,0.744457143478453,2,1,0
2.196,0.005968166424545545,-0.6611512770662348,-0.6611512770662348,-9.81,0.744457143478453,2,1,0
2.202,0.001824678762138603,-0.7200112770662327,-0.7200112770662327,-9.81,0.744457143478453,2,1,0
2.204491933368628,-1.000113614699812e-10,-0.7444571434124746,-0.7444571434124746,-9.81,0.744457143478453,2,1,0
2.204491933368628,-1.000113614699812e-10,0.5211200003887322,0.5211200003887322,-9.81,0.5211200003887322,1,1,1
2.204491933752441,1.000005751501753e-10,0.5211199966235319,0.5211199966235319,-9.81,0.5211200003887322,1,1,1
2.204491933752441,1.000005751501753e-10,0.5211199966235319,0.5211199966235319,-9.81,0.5211200003887322,2,1,0
2.208,0.001767760045444772,0.4867058667349703,0.4867058667349703,-9.81,0.5211200003887322,2,1,0
2.214,0.004511415245557391,0.4278458667349738,0.4278458667349738,-9.81,0.5211200003887322,2,1,0
2.22,0.006901910445820337,0.3689858667349734,0.3689858667349734,-9.81,0.5211200003887322,2,1,0
2.226,0.008939245646112898,0.3101258667349755,0.3101258667349755,-9.81,0.5211200003887322,2,1,0
2.232,0.01062342084645395,0.2512658667349733,0.2512658667349733,-9.81,0.5211200003887322,2,1,0
2.238,0.01195443604679616,0.1924058667349747,0.1924058667349747,-9.81,0.5211200003887322,2,1,0
2.244,0.01293229124714282,0.1335458667349725,0.1335458667349725,-9.81,0.5211200003887322,2,1,0
2.25,0.0135569864475014,0.0746858667349746,0.0746858667349746,-9.81,0.5211200003887322,2,1,0
2.256,0.01382852164787199,0.01582586673497672,0.01582586673497672,-9.81,0.5211200003887322,2,1,0
2.257613238209499,0.0138412870942403,-1.002138233507921e-10,-1.002138233507921e-10,-9.81,0.5211200003887322,2,1,0
2.257613238209499,0.0138412870942403,-1.002138233507921e-10,-1.002138233507921e-10,-9.81,0.5211200003887322,2,1,0
2.262,0.01374689684737004,-0.04303413326502733,-0.04303413326502733,-9.81,0.5211200003887322,2,1,0
2.268,0.01331211204766604,-0.1018941332650222,-0.1018941332650222,-9.81,0.5211200003887322,2,1,0
2.274,0.01252416724800807,-0.1607541332650244,-0.1607541332650244,-9.81,0.5211200003887322,2,1,0
2.28,0.0113830624483757,-0.2196141332650225,-0.2196141332650225,-9.81,0.5211200003887322,2,1,0
2.286,0.009888797648746409,-0.2784741332650248,-0.2784741332650248,-9.81,0.5211200003887322,2,1,0
2.292,0.008041372849129228,-0.3373341332650227,-0.3373341332650227,-9.81,0.5211200003887322,2,1,0
2.298,0.005840788049517164,-0.3961941332650256,-0.3961941332650256,-9.81,0.5211200003887322,2,1,0
2.304,0.003287043249902334,-0.4550541332650235,-0.4550541332650235,-9.81,0.5211200003887322,2,1,0
2.31,0.0003801384502906474,-0.5139141332650257,-0.5139141332650257,-9.81,0.5211200003887322,2,1,0
2.310734543022235,-1.000092940319636e-10,-0.5211200003131529,-0.5211200003131529,-9.81,0.5211200003887322,2,1,0
2.310734543022235,-1.000092940319636e-10,0.364784000219207,0.364784000219207,-9.81,0.364784000219207,1,1,1
2.310734543570551,1.000070561327144e-10,0.3647839948402277,0.3647839948402277,-9.81,0.364784000219207,1,1,1
2.310734543570551,1.000070561327144e-10,0.3647839948402277,0.3647839948402277,-9.81,0.364784000219207,2,1,0
2.316,0.001784763050276312,0.3131298672673393,0.3131298672673393,-9.81,0.364784000219207,2,1,0
2.322,0.00348696225369787,0.2542698672673351,0.2542698672673351,-9.81,0.364784000219207,2,1,0
2.328,0.004836001457190178,0.1954098672673377,0.1954098672673377,-9.81,0.364784000219207,2,1,0
2.334,0.005831880660718094,0.1365498672673355,0.1365498672673355,-9.81,0.364784000219207,2,1,0
2.34,0.00647459986426523,0.07768986726733856,0.07768986726733856,-9.81,0.364784000219207,2,1,0
2.346,0.006764159067811325,0.01882986726733632,0.01882986726733632,-9.81,0.364784000219207,2,1,0
2.347919456408519,0.006782230622398045,-1.002349037104722e-10,-1.002349037104722e-10,-9.81,0.364784000219207,2,1,0
2.347919456408519,0.006782230622398045,-1.002349037104722e-10,-1.002349037104722e-10,-9.81,0.364784000219207,2,1,0
2.352,0.006700558270503017,-0.04003013273266436,-0.04003013273266436,-9.81,0.364784000219207,2,1,0
2.358,0.006283797473990911,-0.09889013273266649,-0.09889013273266649,-9.81,0.364784000219207,2,1,0
2.364,0.005513876677524678,-0.1577501327326644,-0.1577501327326644,-9.81,0.364784000219207,2,1,0
2.37,0.004390795881086404,-0.2166101327326665,-0.2166101327326665,-9.81,0.364784000219207,2,1,0
2.376,0.002914555084650768,-0.2754701327326644,-0.2754701327326644,-9.81,0.364784000219207,2,1,0
2.382,0.001085154288226989,-0.3343301327326666,-0.3343301327326666,-9.81,0.364784000219207,2,1,0
2.385104369765155,-1.000066919196445e-10,-0.3647840001288408,-0.3647840001288408,-9.81,0.364784000219207,2,1,0
2.385104369765155,-1.000066919196445e-10,0.2553488000901886,0.2553488000901886,-9.81,0.2553488000901886,1,1,1
2.385104370548428,1.000002122186895e-10,0.2553487924062889,0.2553487924062889,-9.81,0.2553488000901886,1,1,1
2.385104370548428,1.000002122186895e-10,0.2553487924062889,0.2553487924062889,-9.81,0.2553488000901886,2,1,0
2.388,0.0006982687764606368,0.2269426674863653,0.2269426674863653,-9.81,0.2553488000901886,2,1,0
2.394,0.001883344781147205,0.1680826674863631,0.1680826674863631,-9.81,0.2553488000901886,2,1,0
2.4,0.002715260785955284,0.1092226674863667,0.1092226674863667,-9.81,0.2553488000901886,2,1,0
2.406,0.00319401679079729,0.05036266748636447,0.05036266748636447,-9.81,0.2553488000901886,2,1,0
2.411133809132168,0.003323292951627551,-1.002071211094292e-10,-1.002071211094292e-10,-9.81,0.2553488000901886,2,1,0
2.411133809132168,0.003323292951627551,-1.002071211094292e-10,-1.002071211094292e-10,-9.81,0.2553488000901886,2,1,0
2.412,0.003319612794960092,-0.008497332513637353,-0.008497332513637353,-9.81,0.2553488000901886,2,1,0
2.418,0.003092048799626195,-0.06735733251363729,-0.06735733251363729,-9.81,0.2553488000901886,2,1,0
2.424,0.002511324804457335,-0.1262173325136369,-0.1262173325136369,-9.81,0.2553488000901886,2,1,0
2.43,0.001577440809327655,-0.1850773325136391,-0.1850773325136391,-9.81,0.2553488000901886,2,1,0
2.436,0.0002903968141999206,-0.2439373325136361,-0.2439373325136361,-9.81,0.2553488000901886,2,1,0
2.437163248467347,-1.00001996483981e-10,-0.2553487999783075,-0.2553487999783075,-9.81,0.2553488000901886,2,1,0
2.437163248467347,-1.00001996483981e-10,0.1787441599848152,0.1787441599848152,-9.81,0.1787441599848152,1,1,1
2.437163249586282,1.000001786330026e-10,0.1787441490080623,0.1787441490080623,-9.81,0.1787441599848152,1,1,1
2.437163249586282,1.000001786330026e-10,0.1787441490080623,0.1787441490080623,-9.81,0.1787441599848152,2,1,0
2.442,0.0007497926072795944,0.131295627449488,0.131295627449488,-9.81,0.1787441599848152,2,1,0
2.448,0.001360986371833613,0.07243562744948841,0.07243562744948841,-9.81,0.1787441599848152,2,1,0
2.454,0.0016190201364376,0.01357562744948714,0.01357562744948714,-9.81,0.1787441599848152,2,1,0
2.455383856019331,0.001628413493234217,-1.001510402387495e-10,-1.001510402387495e-10,-9.81,0.1787441599848152,2,1,0
2.455383856019331,0.001628413493234217,-1.001510402387495e-10,-1.001510402387495e-10,-9.81,0.1787441599848152,2,1,0
2.46,0.001523893900212076,-0.04528437255050966,-0.04528437255050966,-9.81,0.1787441599848152,2,1,0
2.466,0.001075607664795618,-0.1041443725505132,-0.1041443725505132,-9.81,0.1787441599848152,2,1,0
2.472,0.0002741614294266224,-0.1630043725505111,-0.1630043725505111,-9.81,0.1787441599848152,2,1,0
2.473604463536392,-1.00002922873751e-10,-0.1787441598425198,-0.1787441598425198,-9.81,0.1787441599848152,2,1,0
2.473604463536392,-1.00002922873751e-10,0.1251209118897638,0.1251209118897638,-9.81,0.1251209118897638,1,1,1
2.473604465134902,1.000028215571458e-10,0.1251208962083817,0.1251208962083817,-9.81,0.1251209118897638,1,1,1
2.473604465134902,1.000028215571458e-10,0.1251208962083817,0.1251208962083817,-9.81,0.1251209118897638,2,1,0
2.478,0.0004552051958005084,0.08200069918176876,0.08200069918176876,-9.81,0.1251209118897638,2,1,0
2.484,0.0007706293907535393,0.02314069918177173,0.02314069918177173,-9.81,0.1251209118897638,2,1,0
2.486358888815692,0.0007979225588399105,-1.001674299061506e-10,-1.001674299061506e-10,-9.81,0.1251209118897638,2,1,0
2.486358888815692,0.0007979225588399105,-1.001674299061506e-10,-1.001674299061506e-10,-9.81,0.1251209118897638,2,1,0
2.49,0.0007328935849219662,-0.03571930081822846,-0.03571930081822846,-9.81,0.1251209118897638,2,1,0
2.496,0.0003419977798903831,-0.09457930081822556,-0.09457930081822556,-9.81,0.1251209118897638,2,1,0
2.499113314055742,-1.000030402996226e-10,-0.1251209117050524,-0.1251209117050524,-9.81,0.1251209118897638,2,1,0
2.499113314055742,-1.000030402996226e-10,0.08758463819353668,0.08758463819353668,-9.81,0.08758463819353668,1,1,1
2.49911331633932,1.000015316100459e-10,0.08758461579163929,0.08758461579163929,-9.81,0.08758463819353668,1,1,1
2.49911331633932,1.000015316100459e-10,0.08758461579163929,0.08758461579163929,-9.81,0.08758463819353668,2,1,0
2.502,0.0002119560950997083,0.05926624908036551,0.05926624908036551,-9.81,0.08758463819353668,2,1,0
2.508,0.0003909735894075504,0.0004062490803615271,0.0004062490803615271,-9.81,0.08758463819353668,2,1,0
2.508041411741141,0.0003909820011456934,-1.002286953694616e-10,-1.002286953694616e-10,-9.81,0.08758463819353668,2,1,0
2.508041411741141,0.0003909820011456934,-1.002286953694616e-10,-1.002286953694616e-10,-9.81,0.08758463819353668,2,1,0
2.514,0.0002168310829458256,-0.05845375091963854,-0.05845375091963854,-9.81,0.08758463819353668,2,1,0
2.516969509381354,-1.000021650774188e-10,-0.08758463795072767,-0.08758463795072767,-9.81,0.08758463819353668,2,1,0
2.516969509381354,-1.000021650774188e-10,0.06130924656550937,0.06130924656550937,-9.81,0.06130924656550937,1,1,1
2.51696951264359,1.000006165883489e-10,0.06130921456297445,0.06130921456297445,-9.81,0.06130924656550937,1,1,1
2.51696951264359,1.000006165883489e-10,0.06130921456297445,0.06130921456297445,-9.81,0.06130924656550937,2,1,0
2.52,0.0001407500966144389,0.03158013359659161,0.03158013359659161,-9.81,0.06130924656550937,2,1,0
2.52321917774688,0.0001915811280089524,-1.002959451601448e-10,-1.002959451601448e-10,-9.81,0.06130924656550937,2,1,0
2.52321917774688,0.0001915811280089524,-1.002959451601448e-10,-1.002959451601448e-10,-9.81,0.06130924656550937,2,1,0
2.526,0.0001536508972447391,-0.027279866403407,-0.027279866403407,-9.81,0.06130924656550937,2,1,0
2.529468846059119,-1.000019799126284e-10,-0.06130924624336294,-0.06130924624336294,-9.81,0.06130924656550937,2,1,0
2.529468846059119,-1.000019799126284e-10,0.04291647237035406,0.04291647237035406,-9.81,0.04291647237035406,1,1,1
2.529468850719478,1.000007429393214e-10,0.04291642665223425,0.04291642665223425,-9.81,0.04291647237035406,1,1,1
2.529468850719478,1.000007429393214e-10,0.04291642665223425,0.04291642665223425,-9.81,0.04291647237035406,2,1,0
2.532,7.720303622774442e-05,0.01808585221030805,0.01808585221030805,-9.81,0.04291647237035406,2,1,0
2.533843613895058,9.387470027645418e-05,-1.002146846409979e-10,-1.002146846409979e-10,-9.81,0.04291647237035406,2,1,0
2.533843613895058,9.387470027645418e-05,-1.002146846409979e-10,-1.002146846409979e-10,-9.81,0.04291647237035406,2,1,0
2.538,9.138148513022567e-06,-0.04077414778969168,-0.04077414778969168,-9.81,0.04291647237035406,2,1,0
2.538218381666618,-1.000001380962358e-10,-0.04291647193921128,-0.04291647193921128,-9.81,0.04291647237035406,2,1,0
2.538218381666618,-1.000001380962358e-10,0.03004153035744789,0.03004153035744789,-9.81,0.03004153035744789,1,1,1
2.538218388324246,1.000003528385726e-10,0.03004146504611515,0.03004146504611515,-9.81,0.03004153035744789,1,1,1
2.538218388324246,1.000003528385726e-10,0.03004146504611515,0.03004146504611515,-9.81,0.03004153035744789,2,1,0
2.541280719124086,4.599855078023516e-05,-1.003181461511904e-10,-1.003181461511904e-10,-9.81,0.03004153035744789,2,1,0
2.541280719124086,4.599855078023516e-05,-1.003181461511904e-10,-1.003181461511904e-10,-9.81,0.03004153035744789,2,1,0
2.544,9.728583659472672e-06,-0.02667614549303676,-0.02667614549303676,-9.81,0.03004153035744789,2,1,0
2.54434305650212,-1.000008920673672e-10,-0.03004152977883253,-0.03004152977883253,-9.81,0.03004153035744789,2,1,0
2.54434305650212,-1.000008920673672e-10,0.02102907084518277,0.02102907084518277,-9.81,0.02102907084518277,1,1,1
2.544343066013147,1.000003013266928e-10,0.02102897754200812,0.02102897754200812,-9.81,0.02102907084518277,1,1,1
2.544343066013147,1.000003013266928e-10,0.02102897754200812,0.02102897754200812,-9.81,0.02102907084518277,2,1,0
2.546486692684149,2.253923760711093e-05,-1.005188891785994e-10,-1.005188891785994e-10,-9.81,0.02102907084518277,2,1,0
2.546486692684149,2.253923760711093e-05,-1.005188891785994e-10,-1.005188891785994e-10,-9.81,0.02102907084518277,2,1,0
2.548630328766347,-1.000003811904565e-10,-0.02102907006688007,-0.02102907006688007,-9.81,0.02102907084518277,2,1,0
2.548630328766347,-1.000003811904565e-10,0.01472034904681605,0.01472034904681605,-9.81,0.01472034904681605,1,1,1
2.548630342353689,1.000002853199977e-10,0.01472021575499185,0.01472021575499185,-9.81,0.01472034904681605,1,1,1
2.548630342353689,1.000002853199977e-10,0.01472021575499185,0.01472021575499185,-9.81,0.01472034904681605,2,1,0
2.55,1.096016134092711e-05,0.001283874244676825,0.001283874244676825,-9.81,0.01472034904681605,2,1,0
2.550130874041262,1.10441742273678e-05,-1.001077207241075e-10,-1.001077207241075e-10,-9.81,0.01472034904681605,2,1,0
2.550130874041262,1.10441742273678e-05,-1.001077207241075e-10,-1.001077207241075e-10,-9.81,0.01472034904681605,2,1,0
2.551631419188997,-1.00000541650684e-10,-0.01472034799938368,-0.01472034799938368,-9.81,0.01472034904681605,2,1,0
2.551631419188997,-1.00000541650684e-10,0.01030424359956858,0.01030424359956858,-9.81,0.01030424359956858,1,1,1
2.551631438599889,1.000001542027634e-10,0.01030405317871501,0.01030405317871501,-9.81,0.01030424359956858,1,1,1
2.551631438599889,1.000001542027634e-10,0.01030405317871501,0.01030405317871501,-9.81,0.01030424359956858,2,1,0
2.552681800809766,5.411593235432903e-06,-1.001761653230543e-10,-1.001761653230543e-10,-9.81,0.01030424359956858,2,1,0
2.552681800809766,5.411593235432903e-06,-1.001761653230543e-10,-1.001761653230543e-10,-9.81,0.01030424359956858,2,1,0
2.553732182265525,-1.000001536579781e-10,-0.01030424218117603,-0.01030424218117603,-9.81,0.01030424359956858,2,1,0
2.553732182265525,-1.000001536579781e-10,0.007212969526823221,0.007212969526823221,-9.81,0.007212969526823221,1,1,1
2.553732209996131,1.000001076493754e-10,0.007212697489584891,0.007212697489584891,-9.81,0.007212969526823221,1,1,1
2.553732209996131,1.000001076493754e-10,0.007212697489584891,0.007212697489584891,-9.81,0.007212969526823221,2,1,0
2.554467449301915,2.651628609691299e-06,-1.001553848536951e-10,-1.001553848536951e-10,-9.81,0.007212969526823221,2,1,0
2.554467449301915,2.651628609691299e-06,-1.001553848536951e-10,-1.001553848536951e-10,-9.81,0.007212969526823221,2,1,0
2.555202716122503,-1.000000196377782e-10,-0.007212967610129906,-0.007212967610129906,-9.81,0.007212969526823221,2,1,0
2.555202716122503,-1.000000196377782e-10,0.005049077327090934,0.005049077327090934,-9.81,0.005049077327090934,1,1,1
2.5552027557393,1.000000950662082e-10,0.005048688686316361,0.005048688686316361,-9.81,0.005049077327090934,1,1,1
2.5552027557393,1.000000950662082e-10,0.005048688686316361,0.005048688686316361,-9.81,0.005049077327090934,2,1,0
2.555717402914289,1.299246000926492e-06,-1.003224077162496e-10,-1.003224077162496e-10,-9.81,0.005049077327090934,2,1,0
2.555717402914289,1.299246000926492e-06,-1.003224077162496e-10,-1.003224077162496e-10,-9.81,0.005049077327090934,2,1,0
2.556,9.075266269802064e-07,-0.002772277511153561,-0.002772277511153561,-9.81,0.005049077327090934,2,1,0
2.55623208942204,-1.000000659760655e-10,-0.005049074741365173,-0.005049074741365173,-9.81,0.005049077327090934,2,1,0
2.55623208942204,-1.000000659760655e-10,0.003534352318955621,0.003534352318955621,-9.81,0.003534352318955621,1,1,1
2.556232146020889,1.000000434739076e-10,0.003533797084249391,0.003533797084249391,-9.81,0.003534352318955621,1,1,1
2.556232146020889,1.000000434739076e-10,0.003533797084249391,0.003533797084249391,-9.81,0.003534352318955621,2,1,0
2.556592369994819,6.365785804094646e-07,-1.00003911401858e-10,-1.00003911401858e-10,-9.81,0.003534352318955621,2,1,0
2.556592369994819,6.365785804094646e-07,-1.00003911401858e-10,-1.00003911401858e-10,-9.81,0.003534352318955621,2,1,0
2.556952650192811,-1.000000460141327e-10,-0.003534348842309663,-0.003534348842309663,-9.81,0.003534352318955621,2,1,0
2.556952650192811,-1.000000460141327e-10,0.002474044189616764,0.002474044189616764,-9.81,0.002474044189616764,1,1,1
2.55695273105643,1.000000347855111e-10,0.002473250917523445,0.002473250917523445,-9.81,0.002474044189616764,1,1,1
2.55695273105643,1.000000347855111e-10,0.002473250917523445,0.002473250917523445,-9.81,0.002474044189616764,2,1,0
2.557204846348768,3.118715942888494e-07,-1.003156334584455e-10,-1.003156334584455e-10,-9.81,0.002474044189616764,2,1,0
2.557204846348768,3.118715942888494e-07,-1.003156334584455e-10,-1.003156334584455e-10,-9.81,0.002474044189616764,2,1,0
2.557457042003408,-1.000000286559394e-10,-0.002474039472337829,-0.002474039472337829,-9.81,0.002474044189616764,2,1,0
2.557457042003408,-1.000000286559394e-10,0.00173182763063648,0.00173182763063648,-9.81,0.00173182763063648,1,1,1
2.557457157547141,1.000000738273682e-10,0.001730694146616946,0.001730694146616946,-9.81,0.00173182763063648,1,1,1
2.557457157547141,1.000000738273682e-10,0.001730694146616946,0.001730694146616946,-9.81,0.00173182763063648,2,1,0
2.557633578979052,1.527652159526596e-07,-1.004308361734346e-10,-1.004308361734346e-10,-9.81,0.00173182763063648,2,1,0
2.557633578979052,1.527652159526596e-07,-1.004308361734346e-10,-1.004308361734346e-10,-9.81,0.00173182763063648,2,1,0
2.557810115284787,-1.000000248654505e-10,-0.001731821259694558,-0.001731821259694558,-9.81,0.00173182763063648,2,1,0
2.557810115284787,-1.000000248654505e-10,0.00121227488178619,0.00121227488178619,-9.81,0.00121227488178619,1,1,1
2.55781028041062,1.000000219518104e-10,0.00121065499736459,0.00121065499736459,-9.81,0.00121227488178619,1,1,1
2.55781028041062,1.000000219518104e-10,0.00121065499736459,0.00121065499736459,-9.81,0.00121227488178619,2,1,0
2.557933690716188,7.480313677211369e-08,-1.002509637262027e-10,-1.002509637262027e-10,-9.81,0.00121227488178619,2,1,0
2.557933690716188,7.480313677211369e-08,-1.002509637262027e-10,-1.002509637262027e-10,-9.81,0.00121227488178619,2,1,0
2.558057265252419,-1.000000294357102e-10,-0.001212266300680658,-0.001212266300680658,-9.81,0.00121227488178619,2,1,0
2.558057265252419,-1.000000294357102e-10,0.0008485864104764604,0.0008485864104764604,-9.81,0.0008485864104764604,1,1,1
2.558057501318305,1.000000190291851e-10,0.0008462706041370198,0.0008462706041370198,-9.81,0.0008485864104764604,1,1,1
2.558057501318305,1.000000190291851e-10,0.0008462706041370198,0.0008462706041370198,-9.81,0.0008485864104764604,2,1,0
2.558143767445159,3.660176784146299e-08,-1.003061133502195e-10,-1.003061133502195e-10,-9.81,0.0008485864104764604,2,1,0
2.558143767445159,3.660176784146299e-08,-1.003061133502195e-10,-1.003061133502195e-10,-9.81,0.0008485864104764604,2,1,0
2.558230268449043,-1.000000183567575e-10,-0.0008485749484058425,-0.0008485749484058425,-9.81,0.0008485864104764604,2,1,0
2.558230268449043,-1.000000183567575e-10,0.0005940024638840897,0.0005940024638840897,-9.81,0.0005940024638840897,1,1,1
2.558230606186978,1.000000020117423e-10,0.000590689254747414,0.000590689254747414,-9.81,0.0005940024638840897,1,1,1
2.558230606186978,1.000000020117423e-10,0.000590689254747414,0.000590689254747414,-9.81,0.0005940024638840897,2,1,0
2.558290819169159,1.78831328651011e-08,-1.004514885985172e-10,-1.004514885985172e-10,-9.81,0.0005940024638840897,2,1,0
2.558290819169159,1.78831328651011e-08,-1.004514885985172e-10,-1.004514885985172e-10,-9.81,0.0005940024638840897,2,1,0
2.558351368273875,-1.000000121913546e-10,-0.000593986817713598,-0.000593986817713598,-9.81,0.0005940024638840897,2,1,0
2.558351368273875,-1.000000121913546e-10,0.0004157907723995186,0.0004157907723995186,-9.81,0.0004157907723995186,1,1,1
2.558351852271416,1.000000038384106e-10,0.0004110427565257369,0.0004110427565257369,-9.81,0.0004157907723995186,1,1,1
2.558351852271416,1.000000038384106e-10,0.0004110427565257369,0.0004110427565257369,-9.81,0.0004157907723995186,2,1,0
2.55839375266455,8.71101322853136e-09,-1.001212742270455e-10,-1.001212742270455e-10,-9.81,0.0004157907723995186,2,1,0
2.55839375266455,8.71101322853136e-09,-1.001212742270455e-10,-1.001212742270455e-10,-9.81,0.0004157907723995186,2,1,0
2.558436134831713,-1.000000072243368e-10,-0.0004157691599885498,-0.0004157691599885498,-9.81,0.0004157907723995186,2,1,0
2.558436134831713,-1.000000072243368e-10,0.0002910384119919849,0.0002910384119919849,-9.81,0.0002910384119919849,1,1,1
2.558436830609419,1.000000004299832e-10,0.0002842128326974892,0.0002842128326974892,-9.81,0.0002910384119919849,1,1,1
2.558436830609419,1.000000004299832e-10,0.0002842128326974892,0.0002842128326974892,-9.81,0.0002910384119919849,2,1,0
2.558465802366088,4.216694034604949e-09,-1.002275373020991e-10,-1.002275373020991e-10,-9.81,0.0002910384119919849,2,1,0
2.558465802366088,4.216694034604949e-09,-1.002275373020991e-10,-1.002275373020991e-10,-9.81,0.0002910384119919849,2,1,0
2.558495466857801,-1.000000076795755e-10,-0.000291008763931376,-0.000291008763931376,-9.81,0.0002910384119919849,2,1,0
2.558495466857801,-1.000000076795755e-10,0.0002037061347519632,0.0002037061347519632,-9.81,0.0002037061347519632,1,1,1
2.558496473737566,1.00000000988717e-10,0.0001938286442661608,0.0001938286442661608,-9.81,0.0002037061347519632,1,1,1
2.558496473737566,1.00000000988717e-10,0.0001938286442661608,0.0001938286442661608,-9.81,0.0002037061347519632,2,1,0
2.558516232019352,2.014517795006321e-09,-1.000625888300088e-10,-1.000625888300088e-10,-9.81,0.0002037061347519632,2,1,0
2.558516232019352,2.014517795006321e-09,-1.000625888300088e-10,-1.000625888300088e-10,-9.81,0.0002037061347519632,2,1,0
2.558536993122203,-1.000000066941508e-10,-0.0002036665190328443,-0.0002036665190328443,-9.81,0.0002037061347519632,2,1,0
2.558536993122203,-1.000000066941508e-10,0.000142566563322991,0.000142566563322991,-9.81,0.000142566563322991,1,1,1
2.558538472331535,1.000000043461613e-10,0.0001280555197769265,0.0001280555197769265,-9.81,0.000142566563322991,1,1,1
2.558538472331535,1.000000043461613e-10,0.0001280555197769265,0.0001280555197769265,-9.81,0.000142566563322991,2,1,0
2.558551525911545,9.354725895914144e-10,-1.001241756333742e-10,-1.001241756333742e-10,-9.81,0.000142566563322991,2,1,0
2.558551525911545,9.354725895914144e-10,-1.001241756333742e-10,-1.001241756333742e-10,-9.81,0.000142566563322991,2,1,0
2.558566053085441,-1.000000039371326e-10,-0.0001425116760441774,-0.0001425116760441774,-9.81,0.000142566563322991,2,1,0
2.558566053085441,-1.000000039371326e-10,9.975817323092418e-05,9.975817323092418e-05,-9.81,9.975817323092418e-05,1,1,1
2.558568310360275,1.000000025580642e-10,7.761430711258655e-05,7.761430711258655e-05,-9.81,9.975817323092418e-05,1,1,1
2.558568310360275,1.000000025580642e-10,7.761430711258655e-05,7.761430711258655e-05,-9.81,9.975817323092418e-05,2,1,0
2.55857622212452,4.067586744033837e-10,-1.001320842139843e-10,-1.001320842139843e-10,-9.81,9.975817323092418e-05,2,1,0
2.55857622212452,4.067586744033837e-10,-1.001320842139843e-10,-1.001320842139843e-10,-9.81,9.975817323092418e-05,2,1,0
2.558586383526757,-1.000000002791978e-10,-9.968345607872864e-05,-9.968345607872864e-05,-9.81,9.975817323092418e-05,2,1,0
2.558586383526757,-1.000000002791978e-10,6.977841925511005e-05,6.977841925511005e-05,-9.81,6.977841925511005e-05,1,1,1
2.558590370254124,1.000000014410571e-10,3.066862378168394e-05,3.066862378168394e-05,-9.81,6.977841925511005e-05,1,1,1
2.558590370254124,1.000000014410571e-10,3.066862378168394e-05,3.066862378168394e-05,-9.81,6.977841925511005e-05,2,1,0
2.55859349652567,1.477240630596864e-10,-1.000780493378421e-10,-1.000780493378421e-10,-9.81,6.977841925511005e-05,2,1,0
2.55859349652567,1.477240630596864e-10,-1.000780493378421e-10,-1.000780493378421e-10,-9.81,6.977841925511005e-05,2,1,0
2.558600599364752,-1.000000003137844e-10,-6.967895147708952e-05,-6.967895147708952e-05,-9.81,6.977841925511005e-05,2,1,0
2.558600599364752,-1.000000003137844e-10,4.877526603396266e-05,4.877526603396266e-05,-9.81,4.877526603396266e-05,1,1,1
2.558605571369455,2.101988307698587e-11,-1.00103001998426e-10,-1.00103001998426e-10,-9.81,4.877526603396266e-05,1,1,1
2.558605571369455,2.101988307698587e-11,0,0,0,0,1,0,1
2.562,2.101988307698587e-11,0,0,0,0,1,0,1
2.568,2.101988307698587e-11,0,0,0,0,1,0,1
2.574,2.101988307698587e-11,0,0,0,0,1,0,1
2.58,2.101988307698587e-11,0,0,0,0,1,0,1
2.586,2.101988307698587e-11,0,0,0,0,1,0,1
2.592,2.101988307698587e-11,0,0,0,0,1,0,1
2.598,2.101988307698587e-11,0,0,0,0,1,0,1
2.604,2.101988307698587e-11,0,0,0,0,1,0,1
2.61,2.101988307698587e-11,0,0,0,0,1,0,1
2.616,2.101988307698587e-11,0,0,0,0,1,0,1
2.622,2.101988307698587e-11,0,0,0,0,1,0,1
2.628,2.101988307698587e-11,0,0,0,0,1,0,1
2.634,2.101988307698587e-11,0,0,0,0,1,0,1
2.64,2.101988307698587e-11,0,0,0,0,1,0,1
2.646,2.101988307698587e-11,0,0,0,0,1,0,1
2.652,2.101988307698587e-11,0,0,0,0,1,0,1
2.658,2.101988307698587e-11,0,0,0,0,1,0,1
2.664,2.101988307698587e-11,0,0,0,0,1,0,1
2.67,2.101988307698587e-11,0,0,0,0,1,0,1
2.676,2.101988307698587e-11,0,0,0,0,1,0,1
2.682,2.101988307698587e-11,0,0,0,0,1,0,1
2.688,2.101988307698587e-11,0,0,0,0,1,0,1
2.694,2.101988307698587e-11,0,0,0,0,1,0,1
2.7,2.101988307698587e-11,0,0,0,0,1,0,1
2.706,2.101988307698587e-11,0,0,0,0,1,0,1
2.712,2.101988307698587e-11,0,0,0,0,1,0,1
2.718,2.101988307698587e-11,0,0,0,0,1,0,1
2.724,2.101988307698587e-11,0,0,0,0,1,0,1
2.73,2.101988307698587e-11,0,0,0,0,1,0,1
2.736,2.101988307698587e-11,0,0,0,0,1,0,1
2.742,2.101988307698587e-11,0,0,0,0,1,0,1
2.748,2.101988307698587e-11,0,0,0,0,1,0,1
2.754,2.101988307698587e-11,0,0,0,0,1,0,1
2.76,2.101988307698587e-11,0,0,0,0,1,0,1
2.766,2.101988307698587e-11,0,0,0,0,1,0,1
2.772,2.101988307698587e-11,0,0,0,0,1,0,1
2.778,2.101988307698587e-11,0,0,0,0,1,0,1
2.784,2.101988307698587e-11,0,0,0,0,1,0,1
2.79,2.101988307698587e-11,0,0,0,0,1,0,1
2.796,2.101988307698587e-11,0,0,0,0,1,0,1
2.802,2.101988307698587e-11,0,0,0,0,1,0,1
2.808,2.101988307698587e-11,0,0,0,0,1,0,1
2.814,2.101988307698587e-11,0,0,0,0,1,0,1
2.82,2.101988307698587e-11,0,0,0,0,1,0,1
2.826,2.101988307698587e-11,0,0,0,0,1,0,1
2.832,2.101988307698587e-11,0,0,0,0,1,0,1
2.838,2.101988307698587e-11,0,0,0,0,1,0,1
2.844,2.101988307698587e-11,0,0,0,0,1,0,1
2.85,2.101988307698587e-11,0,0,0,0,1,0,1
2.856,2.101988307698587e-11,0,0,0,0,1,0,1
2.862,2.101988307698587e-11,0,0,0,0,1,0,1
2.868,2.101988307698587e-11,0,0,0,0,1,0,1
2.874,2.101988307698587e-11,0,0,0,0,1,0,1
2.88,2.101988307698587e-11,0,0,0,0,1,0,1
2.886,2.101988307698587e-11,0,0,0,0,1,0,1
2.892,2.101988307698587e-11,0,0,0,0,1,0,1
2.898,2.101988307698587e-11,0,0,0,0,1,0,1
2.904,2.101988307698587e-11,0,0,0,0,1,0,1
2.91,2.101988307698587e-11,0,0,0,0,1,0,1
2.916,2.101988307698587e-11,0,0,0,0,1,0,1
2.922,2.101988307698587e-11,0,0,0,0,1,0,1
2.928,2.101988307698587e-11,0,0,0,0,1,0,1
2.934,2.101988307698587e-11,0,0,0,0,1,0,1
2.94,2.101988307698587e-11,0,0,0,0,1,0,1
2.946,2.101988307698587e-11,0,0,0,0,1,0,1
2.952,2.101988307698587e-11,0,0,0,0,1,0,1
2.958,2.101988307698587e-11,0,0,0,0,1,0,1
2.964,2.101988307698587e-11,0,0,0,0,1,0,1
2.97,2.101988307698587e-11,0,0,0,0,1,0,1
2.976,2.101988307698587e-11,0,0,0,0,1,0,1
2.982,2.101988307698587e-11,0,0,0,0,1,0,1
2.988,2.101988307698587e-11,0,0,0,0,1,0,1
2.994,2.101988307698587e-11,0,0,0,0,1,0,1
3,2.101988307698587e-11,0,0,0,0,1,0,1
3,2.101988307698587e-11,0,0,0,0,1,0,1
